,Name,ID,Type
0,A. Battermann,84840ca3f95546298476ddf23fb840e7,Author
1,Aaron Pratt Shepherd,97ac227865a64c9baea6e5d7458bf343,Reviewer
2,Abdelouahed Hamdi,73a4935f93514f36a9c5a8e695e4a3fc,Reviewer
3,Aceil Al-Khatib,ad51da81a4d64a40a3f53b5d6640e5ec,Reviewer
4,Adam Briggle,6b48250a5f164bdc9ba00956bc3c49b4,Author
5,Aditya V. Nori,022236059dd24aff93f76242c56cc20c,Reviewer
6,Adrian Müller,27f3a6ead26c405b993cd288af4c59e4,Author
7,Aimee van Wynsberghe,0b8693f314644157af5116468055844a,Reviewer
8,Alain Braillon,c9d9c8e90980464bb8f7f75ac2fb4586,Reviewer
9,Alan H. McGowan,002860d17dc248179d3aa4cefd1787f8,Reviewer
10,Alankrita Taneja,f9d0ab3896ae44e3b85774af098a7e94,Reviewer
11,Alastair J. D. Macdonald,51a96a4715544b3a9a991c37a5972e5a,Author
12,Albert Maier,4d774dc27fa64c18ac9837cfb76752f3,Author
13,Albert P. C. Chan,df0745c0cdc949f4b1881e34111dc555,Author
14,Alejandro P. Buchmann,b76431de95f64e2cb6e0f4ef52545593,Chairperson
15,Alex A. Karner,8296f2b233c4457dad24ea2ff3e97867,Author
16,Alex John London,d692c5a9719944299eab85e032e6a2f7,Author
17,Alex McKeown,2529de082ead4f17bd7fcbf0a28ef7a1,Reviewer
18,Alex Richman,c21b178bd192499fb53cdc7959092f90,Reviewer
19,Alexander Hevelke,f130f159e7f340d18e5f8f8d3f3fa47f,Editor
20,Alexander Hufnagel,2921f1bff0c04a9b98aae49c63ac912d,Editor
21,Alexander Kaplan,6c1f50594fb4440f90189273c0a038ee,Reviewer
22,Amarjeet Singh 0004,4b96afd0e118465aae48d1495b97768b,Reviewer
23,Amitabha Gupta,88b78ea627864dcb9f2098c9ea4e3a4b,Editor
24,Ana Mlinaric,b3fa6cb31ee2433ba1ec61ae51a25ca4,Reviewer
25,Anderson Rocha 0001,5c70418b07a34756a909c585e7d7e959,Author
26,Andrea Owe,e5f8bd0cbf564851b5cb0f7c6bd8d187,Author
27,Andreas Arning,d3bd85967ce94f99bd248a15f69845bb,Reviewer
28,Andreas Brieden,4a0cee903b394355b5743788e7410b16,Author
29,Andreas Eisele 0001,6efc950501d34c7f984ea8fbdd782bd7,Author
30,Andreas Neumann 0001,66d96db035394145aadd5c27f989cb3a,Reviewer
31,Andrew Sixsmith,24ea333d44314afc9914115174c58d95,Editor
32,Andrzej Górski,0af1bf3cc8ca4630adc77ca065c74f90,Editor
33,Angel Peiró-Signes,e48f18ce424b41178ceb644e58c0c2c6,Author
34,Anja Theuner,2e8217ac264449bfb63994261a9a4b8c,Editor
35,Anna Julie Rasmussen,6a6ecfaae0894851ad80280bc0fe8b31,Editor
36,Anna Krizanova,cedebc51352646dea47e3215d6279048,Reviewer
37,Anna Marousková,996bdabad02348cebac4942a727a9258,Author
38,Anna Slobodová,66ba03fa56554d98b24d7c2389c7db08,Reviewer
39,Anne Schiller,5a639805d21144d88e0ff91564149836,Reviewer
40,Annibale Biggeri,9352b80e9a854b3083777a16ddff9256,Author
41,Anthony J. Hayter,5a4c85b8bcef489eb4f98d923a46ad75,Chairperson
42,Anton Oleinik,5540e1a336314c4fa68c4c7a72174658,Reviewer
43,Anton Petrenko,304da049eb894f939c2199fcf1289bbe,Author
44,Arif Sari,ce19d9c5e1c845e29cc50b525e99ee61,Author
45,Armando Segura-Naya,c02f42c5ad0f473cb58628667f81f1c2,Reviewer
46,Arne Pott,59eb0ad548694f65b275f5e2becc5ab6,Author
47,Arno Wagner,a429c640fa29464cbdb79334b8633376,Author
48,Arthur Caplan,4442a07e8a484ec48fc6c7ffe64c24ce,Reviewer
49,Astrid Schmücker-Schend,6769ec54c88247238ec9055be7fc917d,Author
50,Auke J. K. Pols,6f30e568eb3741a3a9f39cc7655e4853,Author
51,Ayanna M. Howard,43e2bc5beed64f6d990daa3072b4242a,Editor
52,Barbara K. Redman,fb67b7f46eeb4e1fbb63eb9d4fe343b1,Editor
53,Barry D. Solomon,9af8f525fe1844a49696c9ab3e5cd289,Reviewer
54,Bart Geurts,5623c7ecea344743a147bb55b301c819,Author
55,Behzad Ataie-Ashtiani,b0ad6c07532d45979c9072c282959cb7,Reviewer
56,Belinda B. King,bb4a250a2d0241c6ac7ef6c0682a8ba5,Author
57,Benedicte Wilson,6738cd67e290411f8afb88cd1b56fdb6,Reviewer
58,Berna Arda,37ee6654d0e94e0e9b497e08889e521f,Author
59,Bernd Page,e8f8eb8a1ff14372a3c184bf76fa721a,Author
60,Bernd Sturmfels,4adf417ae4394cddab33d5f5f9b86585,Author
61,Bernd Walter,88034d320fa849a88b769864ef177dea,Reviewer
62,Bernhard Beckert,30e56328e63b42eabdd8135e7ae08e2b,Author
63,Bernhard Nebel,dd1fe534d9a84beba6169eeb42168c18,Reviewer
64,Bert van Wee,8d18c8bc6cc141e3aaa84d0002fcaf0c,Author
65,Beth A. Fischer,5761a3af463f48f4a0c37ecb0dbd2505,Author
66,Betty B. Chaar,0dca73caefd14f2cb0904fb9feeac6e1,Chairperson
67,Beuy Joob,bf9cc7443d26423e8f8d44f4f1a53a8c,Author
68,Birgit Wendholt,873436cb76b748429e6fc6210d4d33fc,Author
69,Birgit Wesche,c6261094689c4ac89db31c72fa2e79d9,Author
70,Bjørn Hofmann,95290bebdbb747c3930c799962636691,Reviewer
71,Blake J. Bent,02ba1373ed134f98aa343626bc091dcd,Reviewer
72,Bo Brinkman,7a70c5fce3da4d6c8fb2a928461cf73b,Chairperson
73,Bor Luen Tang,68665a1498cf48b494b9128c97bfe541,Author
74,Bradford W. Wade,c1923288c1ac4f4390fd0ac431e29abb,Reviewer
75,Brent D. Mittelstadt 0002,30aff154fe6841c28facb09cf3d2acd2,Chairperson
76,Brian C. Martinson,4b43b31ea91d41ec94ee96bf05b4aaf5,Editor
77,Brice Laurent,684f2e728e204ff8b46d41c5a41625ae,Reviewer
78,Bridget M. Noonan,1af43749a4da4793b547d06196ddb151,Reviewer
79,Brigitte Bartsch-Spörl,9de19b82b7c3495e808b0976c08fbf54,Editor
80,Brigitte Bläser,c20e25f4cd3242bdb2b30e805ee0c050,Reviewer
81,Bruce G. Lindsay 0001,97fbc66eb2954113868bba9a9ce521a7,Author
82,Bruce V. Lewenstein,aeef38e0b2624a43a8c3d56e8a3a4ce4,Author
83,Bruno Turnheim,e11ec2e70c6348e1800b4c7343fd94d7,Editor
84,Burkhard Kehrbusch,428622834e69409da0d116a5dec4a71a,Author
85,C. J. Date 0001,31fcb11e861044a2a482bf03c470f5b1,Reviewer
86,C. Ould Ahmed Salem,0d9290738d364ed9a02e153c41d8df9a,Author
87,C. T. Kelley,1b12c921373a4a0691158947079b3cb3,Author
88,Cameron Gordon,c281171f10864470bc855ea4fa0a284e,Editor
89,Carl Mitcham,7851eecd9ecb41d4be42045d7b28361d,Chairperson
90,Carola Calabuig,cf1d98ec83ce4ab9a2b9b513765fa3b2,Reviewer
91,Carola Eschenbach,a6299159d0e543a382e2f3a48d900815,Author
92,Carole Federico,39c9a51cf94f4ba6918860b0879309e8,Author
93,Carsten Damm,c91357ccd6e049d6b247efc057c7e15f,Reviewer
94,Cary Moskovitz,72dffa0729064cea80b2a698ded49070,Editor
95,Catherine D'Ignazio,f857cb5afe6a4eceae930d770f3e11bb,Reviewer
96,Cesare A. Galtieri,7e83e9c35c154de7aa70191cece29e9e,Author
97,Cetin Ozbutun,593d8a01ede941ebad8426298b822b99,Author
98,Charles E. Harris,bc34e3e66c884d5cb9c88bf3914e60eb,Reviewer
99,Charles Verharen,090f9a633a924f068968d34d74d3d541,Editor
100,Charlotte Stix,b5835b8e19b74084b8790e39b9d80680,Author
101,Chin-Liang Chang,93d4b785228945c58377d398f9ef1d31,Reviewer
102,Christian Fecht,7a33cb5dd78246468fdf5453c5b1541a,Reviewer
103,Christian Gamborg,3ac075e7e1f2461fbbdae785b8d5e193,Author
104,Christian Hervé,61b80e0911e547269c5f75aca36f2090,Author
105,Christian Reuter 0001,857278b5aa38423e907a958538d377d3,Author
106,Christian Stangier,e78206041a7640d7a55e85fa7e55227a,Author
107,Christine Winberg,79c7633e26ca4671a47257cd17dab1bd,Reviewer
108,Christoph Beierle,cd658861145d45ec8a9b5c65313d8878,Author
109,Christoph Meinel,a3c0635d64b04e5793433c24008abf83,Author
110,Christoph W. Keßler,cf60e9385f6c4af7903d7a7d6fec7c7d,Author
111,Christopher B. Freelance,ddd1551c8a434ef48059af0c5c7615ec,Author
112,Christopher Brandl,e44d771c95744a96b4effb8d20b8cd94,Author
113,Christopher Habel,a723c67b10e34382b7a1b3d7271820ce,Author
114,Christos Garidis,e1c03b86d11f450897e5855a121526fd,Author
115,Christos Makridis,07628e34c2e44227882ce90b6b20a708,Author
116,Claire Gloeckner,0999cb646bc34a0081166de4a4239c27,Author
117,Claudia Maienborn,bb748f744eb049faa4cf05dadd1f0917,Reviewer
118,Claudia Mrotzek,f07b6aece7d04d40920d2b68ed11598e,Reviewer
119,Claus-Rainer Rollinger,a609fc745e8a4246b5da60c04161308c,Author
120,Colin Berry,20a0cc5ae4f042729caf9c033256bc78,Chairperson
121,Colleen Murphy,1cec78248ca044969c8e7b27d23974bf,Author
122,Cong Cao,2d5695548eda4fd1a20637a5d3ecbe3c,Author
123,Conrad Heilmann,a990b38c9ea54787bf0a99e196494875,Reviewer
124,Cristian Timmermann,f535305ad8664bb1addce449156af6e9,Editor
125,Cynthia Selin,b863c06ee169426d94167c200256e485,Reviewer
126,Céline Kermisch,4095dc810946498b84374ba37dc2a608,Author
127,D. Kleis,7bf6376104324d7f8dbfc757f01485d6,Chairperson
128,Daan Schuurbiers,8b1324b015654655a2c2dcf31b41b76d,Author
129,Dale J. Benos,1aa0b7385beb4a438cae98a8fa9577dd,Reviewer
130,Daniel O. David,c006b3696cae4927949d8019eca4f573,Author
131,Darren Schreiber,7db2fa95dc3842a2b466b5203afa9255,Reviewer
132,David B. Resnik,a3787cd769064723ad909bd2daa2c6f6,Reviewer
133,David Beech,59664c6083d54b7bbc93d91d6f626f84,Chairperson
134,David D. Woods,5986d24a4d7d4ca6b88d89c1e30ae039,Chairperson
135,David G. Larman,10b31ee210d64c40b17d48fafec4aa5c,Chairperson
136,David J. Gunkel,597aad3fa66c458685367e2f0d318b4a,Reviewer
137,David J. Kijowski,68b3c567dc614b61aede96c8e0df9849,Author
138,David Koepsell,415f644259774477ac11b42219796fb0,Reviewer
139,Delia Murphy,558ad2d327cc47aca32dc5290b934a4b,Author
140,Dena Plemmons,30fe612328c8437094fa927baec9cece,Reviewer
141,Denise A. Baker,feaac46a41cc458ea44a1c52867f64eb,Editor
142,Dennis M. Gorman,8f107422e2d94f72b086a38211ee291a,Author
143,Diana Adela Martin,0bbb687070524480aa79b3513bd71ae8,Chairperson
144,Diane S. Gilleland,7bc2468b9a074424b8f798ac6cf259ed,Author
145,Dieter Baum,2303f7a2ad2a4f91b1c027e21ccc34ea,Editor
146,Dieter Prangenberg,47e85a62fed5422e9ab18accde87bd83,Author
147,Dimitri Efrosinin,22e89fd733564a70a95897c3b668184c,Editor
148,Dirk Frosch,7f19a93bac75471f87ec04621e43d948,Editor
149,Dirk Frosch-Wilke,13b92aa9461d45b49097b62d1666980c,Author
150,Ditmar Erdmann,83fd151f0c064e7583dde02a3d92a9b0,Author
151,Don Gotterbarn,7af510c5c64e4221ba3f69376d18ebee,Author
152,Donald D. Chamberlin,3808f7923e9248d3aa3b5af3e69d25df,Chairperson
153,Donna Riley,1c629aa7046e4f328d95372b0ba560a2,Author
154,Dorthie Cross,89725ca6d2234ef2a5c28566a3c031dc,Author
155,Douglas Walton,2f8bc8d0da6543bebad91a01bf4b9603,Author
156,Dusanka Krajnovic,b23e6645a7844e63a6b93e019e009a44,Author
157,E. F. Codd,07d53bca67ac4373bb7db65c25f800e5,Reviewer
158,E. Levitin,d605e52b1e9b4d64a4b89f928c86e35a,Reviewer
159,Earl D. McCoy,18f84e186d9b4ced811bb88ba4c9e435,Author
160,Eduard Fosch-Villaronga,7ed1419e053e4dacb3cb26e53bb0f620,Reviewer
161,Edward J. Calabrese,317ffb8b4a8c43e88b15916da4c7b315,Chairperson
162,Egon Börger,4a35905d1d204a849c3f21df873715ad,Author
163,Ekkehard W. Sachs,2f9499aad88f4ce4a1e206900ba4e176,Reviewer
164,El-Sayed M. E. Mostafa,f81db7d1da0e487b8d85fa9cec42813c,Reviewer
165,Elaine S. Godfrey,6ac202a987e243a0a1eaa888bc1e1a19,Author
166,Elena Diller,bf4b6c0293c44d909dfd2965d447ad34,Reviewer
167,Elena Dubrova,7053915d103448bb9e017a845b1599af,Chairperson
168,Elisabeth Breidt,cb8017b355774764a173dd5443c31ee7,Reviewer
169,Elisabeth Neugebauer,e2fe17a825c44893840eb87160e6b15d,Chairperson
170,Elizabeth A. Boyd,7e0f6315e24b4ac5be288b0d9be45a97,Editor
171,Elke Busch,fdf0e38560934c22888e9fc7d5cef351,Editor
172,Ellen-Marie Forsberg,b36b68bf72af496e931c42a9271e4c6f,Author
173,Eloy Portillo,5e0c555a78404deea7d4829c8b06f8dc,Editor
174,Emily Bell,9d3f3dd035a84c1d826b5475bc2a6a32,Reviewer
175,Emma Keuleyan,b4ae49f2d05545cdbeb1d2706608abf8,Editor
176,Eran Klein,07079df775014903918a7307088ad915,Reviewer
177,Eric Mays,6367f9b4fe7b493d8f165b8db317a9fa,Chairperson
178,Eric Windisch,2f8dbba1036d47f58fe09432004c797f,Reviewer
179,Erich Gehlen,0f16e385654a4409b6ba27fc53c7204c,Author
180,Erik Laes,78d9b87d5f9f4fa49901c507f4f3ee21,Author
181,Erika Pärn,bd7b4ab829bc455989f916066a45bab9,Author
182,Esther König,80713ee07b5049ce8bb277a7c50c7ba6,Author
183,Eugenijus Gefenas,116dc2e49abd498a83aca91fd1aae818,Author
184,Eun Ah Lee,f6fc1ff2a5224061a4a190ab7dc599ba,Chairperson
185,Ewald Lang,b3955aba094941c1891e5795a61c3536,Reviewer
186,Eyal Arian,c9e814e6df914afaa872210eb7042ab8,Author
187,Fabio Somenzi,4d38bfd4901e4568b51e467305a5a6cd,Author
188,Fahime Asadi,487a6af068ce44499baa5048f3fa746c,Editor
189,Farshad Nayeri,77d358149d8c48d5be358d07124aa39a,Reviewer
190,Filippo Santoni de Sio,d4f60c928c6c4172b516a73015da93f0,Author
191,Flemming Nielson,3a60644c4afc4cecb5223a7d241b38bc,Author
192,Flora Colledge,a2ee275ce4e84dc6b931d1b6a4921aee,Author
193,Florian Jarre,3f4d939b2c584532899c48e98382d80b,Author
194,Frank Manola,ad8060f4684542f9bc6d0b52a2ce8229,Chairperson
195,Frauke Koppelin,4b50c550b1404e288c5bf0f1b3f0e022,Reviewer
196,Frederick Grinnell,591bd3dd322d45ebb8f4c951f5e9ae9d,Reviewer
197,Frederik Voetmann Christiansen,77186fbc83fb449188a0990563fcb260,Author
198,Frida Simonstein,4dee06f5f641423d8ce40261ea8a60e8,Reviewer
199,Friedemann Leibfritz,d1fe16dd403144748eba0e23a7a2a80f,Editor
200,Frédéric Gilbert 0003,e4cabf8dbaf24b1abbd9fd91e700f358,Reviewer
201,Fumihiko Tochinai,eb9ae0d1f9274869888bdb843c11094e,Reviewer
202,Furio Cerutti,c43c46d9a28c469eb202fb0f524a5630,Reviewer
203,Gardar Arnason,4c46387a25134e07acb162a6b6b4f544,Reviewer
204,Gary Santillanes,375eee3dfef446dfb0a8921a5e8f9745,Reviewer
205,Geoffrey Simmons,fc60722cf9424a2e9225ae49a83a5b18,Author
206,George C. Banks,078d51934a104a34bec51d81c99b3405,Chairperson
207,George R. Hoffmann,31f6ad8cd30148a3bddb2243fb4005e5,Reviewer
208,George Wang,5c9a3e7b03994715a1045b456bc572cf,Author
209,Georgina Voss,937b1a8be1af4893aee62f1032364937,Reviewer
210,Gerd Kortüm,ef832706d81e49e193a6a2240289d9cc,Reviewer
211,Gerd Michelsen,3bd10633a22c4d43b3416cf9062e7780,Editor
212,Gerhard J. Woeginger,c5d3a15a86e54113bb8c589d1f0a7f55,Author
213,Gert Smolka,f6b217aa7ecb4914a82147d23544c425,Reviewer
214,Gert-Jan C. Lokhorst,943775368ddb471aafad039ebd0d0c6d,Editor
215,Gianmarco Baldini,bc1f3fb5220a4b7d8df872ad4f237040,Reviewer
216,Gina M. Eosco,3b159057476a444fb7de158918d0e55c,Author
217,Giovanni M. Pes,399ad0efd4994e7985aae80ada45e663,Chairperson
218,Gisela Schöpke,d6ca664bb5574d20bf4fc88b5e34fed2,Reviewer
219,Gizell Green,fbc0805108894d74bfde8c001fb55779,Reviewer
220,Glen Miller,6bc595b7622640b889e7e66a77cdb60c,Chairperson
221,Gosse Bouma,7f831b659092459ba932fd8fbca0fc30,Chairperson
222,Grant Fore,8ac98efe130c4aac9a2bf03ace337141,Author
223,Gregor Erbach,cbf3ee51b6e14e3b8b56a2e63c3f2e3f,Author
224,Gregor Meyer,2428350f0fde482490bd9159aadac08e,Author
225,Guangyuan Hu,0702865d0b1e4c00bf895afdfeb04ec3,Editor
226,Gudrun Klose,1af55137ce9b4d6ab21b7fe1299899a3,Author
227,Guido Ruivenkamp,5efce92fec5349b2972096b524ec7874,Reviewer
228,Gunter Bombaerts,946cd75bd5fa41b7a91721df680c7d1b,Reviewer
229,Gurami Tsitsiashvili,3ef7ceba1b51422bb585a1785b56998f,Author
230,Günther Görz,6bde107f58df418e9d8f806157aa815f,Author
231,H. Raymond Strong,947219b0af62491d9cc563ffae1f2dbc,Author
232,Haldun M. Özaktas,ee51574541b6494f83ff738217de54f1,Author
233,Hans Peter Graf,5d1ccb2df86248238848a47b98de8977,Author
234,Hans-Joachim Goltz,d86ba64b111b4f92a0c8fe34e4523985,Reviewer
235,Harald Luschgy,3f5540bb4c44483d8e80809486560c37,Reviewer
236,Harald Sack,8d14a0f357cf4d9da8bff65c98beee22,Author
237,Heidi Jäger,b49c9e728e6448b5be1690fc2a4fe21e,Author
238,Heike Felzmann,9d20e8e5820443cba670a63a6d574a0b,Reviewer
239,Helmar Gust,8cdfa86f9bc24e9bb0d9b6b4841d2e28,Editor
240,Helmut Finner,edaa0045c3fe48198c0395e2f75f5bfd,Reviewer
241,Helmut Seidl,ab7216a18d054bfdbf06472b472bef11,Editor
242,Hendrik F. Machiel Van der Loos,714bcddf18af4175aa434e7bd21d8c91,Author
243,Herbert J. Leass,d45ea2846fff4e4387fcd6a71d696a96,Author
244,Herman Paul,d4ca9bec7f8e4d60a630d63d1532f1cb,Reviewer
245,Hinrich Schütze,43e7e3bd207e47aab9989820b633e25c,Author
246,Holger M. Wittmann,76885982f73a4737918926528b4d4ffb,Reviewer
247,Horst Schmitt,ed957b4aa98f423aa0bc4634be08e21e,Reviewer
248,Hossein Esmaeili,bb9f0c70fdd843caa90400e77f62e107,Author
249,Huai Sun,59231579e0834c93b8c0a7c2e9a1490f,Author
250,Hugh Desmond,36bc05c0aeb04979914fc9963f19e840,Chairperson
251,Hugh P. Shanahan,c931ed8f1b8b4dedb3c82b7c9a19083b,Editor
252,Hui Fang 0006,c2390d5695d849eba04757c58c4f9c5b,Reviewer
253,Hui Lu,be4781b8bc35454e912618991de7552e,Author
254,Hutan Ashrafian,e62a2417f72b4c07877b13e415590f85,Reviewer
255,Ibo van de Poel,b65001f558244d958dbe4765cf68dd52,Author
256,Ido Dagan,3112b9f941af49f2accd12414e380bf9,Reviewer
257,Igor E. Shparlinski,1ec7df737e9245f5a9bfcbee670c3482,Chairperson
258,Ilse Oosterlaken,a753ab22dfba4653963bdc85ebd1537f,Author
259,Indira Nair,98072009d9c443969bb15d935a9c6c2c,Author
260,Ineke Malsch,8ff9f74f8fc24a809da4588c27836be1,Author
261,Ingo Raasch,45415dfc4b694bea8c64221edeea324b,Reviewer
262,Ingrid Renz,ea3f506ea7cc424da0cc4bd4bd0c67e8,Reviewer
263,Ipke Wachsmuth,3b7d88fb3005439a9c0172500aa447f5,Reviewer
264,Ivo Maathuis,a3aad5a94f574a36a28bdb89c0abc06c,Author
265,Iñigo de Miguel Beriain,210d723f7e9847a08b6bd3993cc2c96d,Reviewer
266,Jack Stilgoe,41e88380d5b741268d1073ea2717a958,Author
267,Jaime A. Teixeira da Silva,cdc3654865924a41b0ad2b71e3217f31,Reviewer
268,Jakob Stenseke,78a0366713a94b1f8fe34754f582e6e5,Author
269,James A. Blumenthal,7a9f32d449eb44d9b33995839dca4915,Editor
270,James A. E. Macpherson,f9d061c331064e56a76d07aeb5c5ef0e,Reviewer
271,James A. Stieb,bc8801ff40c14129a38be977b753ef1b,Author
272,James P. Collins,1d0eb99217e74b37b8b174cd33e2c7d7,Chairperson
273,Jameson M. Wetmore,35decf41bb0c4559bde4fdb6602d64fb,Author
274,Jan L. Youtie,01a9efed20d1427e9555ec49ee3ee759,Reviewer
275,Jan Wilms,74dffe69a48f49d2ae9d33e8a6a7132c,Author
276,Janice M. Ballou,539c013e09134f0d87873b12f8c90dd9,Author
277,Jason Borenstein,4999e88f9d164ace8c095772e0ad6964,Author
278,Javad Yahaghi,4d2e7bab7dab4afa85d466fe212cc3ba,Author
279,Jeff Collmann,4640b193bcb54166a49910e008306a69,Editor
280,Jeffrey Kovac,e63141e3a12f490084dba48e5d1ea49b,Author
281,Jeffrey M. Warrender,f67cd9de193143d18420b1c8262785d9,Chairperson
282,Jens Hofmann 0001,c457a59b8b28440aba5f51f608ae524c,Author
283,Jeroen van den Hoven,9cc3b1ca9c5e4d418bb8b79bdb2eeb43,Author
284,Jessica Li,f86a25d8fb2d4f9189b14f61deb30077,Author
285,Jessica M. Smith,c194aec089534df8bb59a6e421d3e41d,Author
286,Jessica Morley,32c7e38a3ae54d609e59d05036788258,Reviewer
287,Jessica Smith Rolston,d1c418ee963f43bc86d8c50a6176bbb8,Author
288,Jim Gray 0001,319fddbc2d2345aba244bef6db49b675,Editor
289,Joachim Maier,182f0d7d017b4d2b91875c5bb9ac4db3,Chairperson
290,Joachim Reiter,7e85f23158304320b528506ee12363ce,Author
291,Jochen Bern,9261831b6fd8481c923c522e43e4c70d,Author
292,Jochen Dörre,ecd9d561cb83497cb2cc051fa3f694e7,Author
293,Joe Giffels,3c9df9cf7b294340a829a6aa484c2dee,Reviewer
294,John E. Dahlberg,f3dd25494f0d477180ca3c1f75b4cf32,Reviewer
295,John Westwater,7ce29f1f92444d1e8aa9ead0d2763050,Author
296,Jonathan Bauer,40721077c5574e358a984287532bfb26,Author
297,Jonathan Genest,f62c41467b814b04913bbdf528e25bf8,Author
298,Jordan Gergov,94902ee5b46a4cbaaf9db3de528138f3,Reviewer
299,Jose A. García 0001,f268c59742314b939c8bc1996f600e25,Reviewer
300,Josef Gemander,255387c03bd24ba48fc4999102f0716e,Chairperson
301,Joseph Lee,d562b280bc9c49d7abcab6ccc8afd3fb,Author
302,José G. B. Derraik,4d993c62c749476088b23933bafbc2f6,Reviewer
303,Jovan Shopovski,e588ed90cb264ddda2cac91b778d9a36,Author
304,Judy Goldsmith,466da8bd93e24c58a2bfebfc67b38578,Chairperson
305,Jukka Varelius,5c6a4854d51f4da1971d1627f0ec6147,Reviewer
306,Juliana Montoya Ardila,3b72fa98f78445019d6bf6c8b70f9c6d,Chairperson
307,Julio R. Tuma,c6c05744f7e0495db8ed11a0fa2e9fe2,Author
308,Jurate Lekstutiene,bbdaf884e8544e66a740177fd5c2ef2d,Reviewer
309,Justin Donhauser,0bd8ab9141e5442f83f5f06ffedb9224,Author
310,Jutta Kreiß,59ebaeb794764bb5b937b3d3236a7cd9,Reviewer
311,János Sztrik,437b31c0153d43b2874324c4b1d18add,Author
312,Jörg Heinrich,1ba4eb6dd84b4c5c8e5afe892e0671f2,Author
313,Jürgen Huschens,6d8fcd34de0b42ecbc14702610e8ea81,Chairperson
314,Jürgen Manowsky,7a19b9c25a8444658d49af79aba1b9fd,Author
315,Kai Lebeth,22e26fd2ae6c498ba7dcd24e98974411,Author
316,Kai von Luck,614b838943f242529fc2b817b5751c7b,Chairperson
317,Kai-Uwe Carstensen,ccf0d7ad5f8a4d01958c372e7d1d26d5,Reviewer
318,Kamil Mamak,9c7a05ef71b1431cb87f6f27292b9f62,Reviewer
319,Karel Oliva,618e1f47de0f4493a5b9e7a79fddeacc,Reviewer
320,Karin Klabunde,dd38ab4e96204cc8a18d5c274ef02407,Reviewer
321,Karin Neuhold,2154f5c6e9994b9dbda02e5ed3d8e3dc,Editor
322,Karl Dotzek,3ee5bfe71d70425d9a15222fb032019b,Chairperson
323,Karl Schlechta,ccd249f3112c49fd87a0222f03cc3428,Author
324,Karl-Hans Bläsius,a2b68a9b663d417695732304e24fa503,Editor
325,Karma Lekshe Tsomo,89698071272a4718a47f5b94cbdab0b8,Author
326,Kasyap Natarajan,aba0503c7acd410c8e14db7d35cb9252,Chairperson
327,Kate Millar,d7ed543d23874b13a6f356c32e15bb6d,Reviewer
328,Katherine A. McComas,dbfb9d27e68d4046a45c9414522e6c1d,Chairperson
329,Kathleen M. Vogel,6c52d3dd0ad24ccc8fd91338e506726d,Reviewer
330,Keiko Sato,baeffdf3072c4171af24db23861574ac,Reviewer
331,Keith W. Miller 0001,91c057c0cd194287991905630fea4b66,Author
332,Kelly Joslin Holloway,914cb8bec1414c80adfdca46bc968f69,Author
333,Kelly Laas,a5cf4c125b9949c680aa00ea2a2af547,Chairperson
334,Kenneth L. Deckert,b4778ae48fe249a4a7ff6fb5b9c04a9c,Reviewer
335,Kenneth V. Iserson,2dbc63c1aec34f71bc8c3daf371074d5,Chairperson
336,Kevin Spitler,1d17e68df9bf43c498a3683ca8c5d1c1,Author
337,Kewal Krishan,0cdf3be4668149f8b4bd15a63338b6f5,Author
338,Khaled Moustafa,6f92054b6e4046a092039ea0bad7baed,Author
339,Kjell Johan Sæbø,1c9ec87e86e24a42a484766b8828a79a,Reviewer
340,Klaus Jansen,ce3a76c434c645e19dd1bb9e07465189,Chairperson
341,Klaus Lux,1e9439ef6df9446c969098b83535ebe5,Author
342,Klaus Rehkämper,d4d5aa72f75d4289b0917adbd5fb1b89,Author
343,Klaus Schwettmann,ae6d43b2fd5747128e98bfad3f913204,Author
344,Klaus W. Wagner,3378919215aa442ebc5634223d8c116d,Chairperson
345,Knut Jørgen Vie,3a44c271c0a44bc2b2acfa8fd83df557,Author
346,Koos van der Bruggen,ab603559836044e7ae408df04d2751c5,Author
347,Krishna G. Kulkarni,0f03e2f7cdbb45a182b1766a98782eba,Reviewer
348,Kristine Bærøe,539e1ff7a6e84bfeab457d012c60c821,Author
349,Ksenia Gerasimova,940e3fb9a81e4e86af551abb0098071f,Author
350,Kurt Eberle,d2ba496ffe0944ffb2f70cfe8553ea83,Author
351,Kurt Rothermel,c71ae4b8b87649688fc46a0cceff6462,Reviewer
352,Kyle Powys Whyte,e0c986364f704562b191d3e1c66b844e,Author
353,Lambèr M. M. Royakkers,0ee3c0fa34434dedab83f879ff07bdc6,Author
354,Lars Abbe,5d9e077339b34e378ffe7562e0557293,Editor
355,Lars Lindblom,099780d5f7ef4ab09e992874edbd5b47,Author
356,Laurens Landeweerd,f12e79e612854686ad639caac8295b9a,Chairperson
357,Le Dung Muu,990c73ecd9c34153bb3d800f9f57c184,Reviewer
358,Leonard Dung,debbc79f30144deaab1f23c8d800b30b,Reviewer
359,Leonidas G. Koniaris,277f9abb41af48a7bbfb19943cffa8ee,Author
360,Lisa A. Thompson,e9e68324e1d44ccd890cfd29edcd147b,Reviewer
361,Lise Degn,92423116e46045148d4abad2f7c6cd87,Author
362,Lishan Lan,a47e78841949438ebe28ac0945cc83be,Chairperson
363,Liu Yao,1fbb80150bed4e1596497c0e8581dba3,Editor
364,Lothar Breuer,8d3758f8613c47b6911c755601c10ca0,Author
365,Louise A. Dennis,0a752b70e4b146d8af8d691f180f3faf,Author
366,Louise Bezuidenhout,b320c41dc65549598ad73e22ef59b020,Author
367,Luciano Floridi,9ae536fb1adb4c129d8f9e5dc0034929,Reviewer
368,Luciano Lenzini,51c33e0fc2764dbcbe5475d21cbe750b,Chairperson
369,Lutz Voelkel,3e09c86759524f8694fd987b4123c10b,Reviewer
370,Lynne E. Olson,9502cbe29871487dab658f895a39942f,Author
371,M. Nast,a93d5b1d9357457cbd44b23bc3417f5e,Author
372,Maja Horst,c205a99883d6412ebd876812c1b90eaf,Author
373,Manfred Laumen,bdda22da3b854cb980855ec2678682cc,Reviewer
374,Manjur S. Kolhar,be6165ef51ff4b48a7cc2ef21ae69ff6,Author
375,Marc Lampe,4d6af41e4caf49dc9a7c208b3e48874f,Reviewer
376,Marcel Mertz,d4cdfff7f71946ad946145a59511c636,Reviewer
377,Marco Fahl,c2c61231d3db437780d8928cbf346232,Reviewer
378,Marek Vochozka,8a2f5eabcdc042d298b4ec96136559b7,Reviewer
379,Maren Kresse,ce1e2ef053874246bd6e5fb9e34a05b5,Reviewer
380,Margaret C. Thompson,4c2965840d214b8087b2610710965aca,Chairperson
381,Margaret Satterthwaite,11c154216ce34b1e8dbb666b665e80d6,Author
382,Maria Misankova,583b73f9894b4879986a3e58d5100269,Author
383,Maria Paola Ferretti,3d513cf3b53c466baeacdc42fd1768f6,Editor
384,Mario Malicki,372f9f5e27a7417c886d1758a21b56c9,Reviewer
385,Mark C. Wallace,d44269a4c8204ca5b07be70404128242,Author
386,Mark Coeckelbergh,15cc3084ec6b459d8cdda52a36d7babf,Author
387,Mark F. Hornick,a94f73da057c4420afcc7015b076bf4f,Chairperson
388,Markus Holzer 0001,760a0f03856641d8a8f4426ca1974977,Chairperson
389,Markus Höhfeld,74e09936945a49319efd7c209a97d475,Reviewer
390,Markus Müller-Olm,a114284ee7ae4046a65607706bf9afe0,Author
391,Markus R. Schmidt,cf89c21c3b0a4f5195bab7a4410110e4,Reviewer
392,Markus Roters,9f00c1cc4c4140e3aa9a70d8155b1025,Reviewer
393,Markus Tresch,7798e9a0ea6545fe8bc9b6d2ca525d59,Author
394,Markus Wiegelmann,9b49622bcb6a4419ae11297e92ac4034,Chairperson
395,Martin Gugat,6df733bd81b845b09dab8c8c7b1a05da,Editor
396,Martin Hübner,de286b45ae9f4cda872158f195943d19,Author
397,Martin Luckow,8618e190332f44408c6d1b9a853766dd,Reviewer
398,Martin Mundhenk,61bc6907f7da4d729493241b108799a2,Reviewer
399,Martina Mavrinac,48432f3a89e24fa3a2da437348178d22,Reviewer
400,Marty J. Wolf,024bb4fa0c2d4f28b15353bdf9f1d6fc,Editor
401,Maru Mormina,edcf42953b5e44b79f16a94cdbc84fea,Editor
402,Mary E. Sunderland,cf27da33978944bfb03142e7f762a937,Reviewer
403,Maryam Alsadat Hashemipour,04489995932f4758be21c4c013d89863,Author
404,Marzieh Morovati,f7659342d6e64aa28fdb0419558734ab,Author
405,Mathieu Bouville,5dbb76e1033843f39cf94d2ecbe5ecb6,Reviewer
406,Matteo E. Bonfanti,e94b20c4ac8c4275a8c4ec5d61d96fa7,Author
407,Matteo Pascucci,413e59893fc84aa28bc76a8f93f3edc5,Reviewer
408,Matthew A. Allison,757061d181ed4679ad5929c89eff8577,Reviewer
409,Matthew A. Butkus,a7eb3044388f4ddabddc583685fbb67f,Reviewer
410,Matthew Benjamin Reisman,8c2923af819048db88c8862a9d06d398,Reviewer
411,Matthew Grellette,bdd4a9a1d88244bcae8ca18a0085e250,Author
412,Matthew Hunt,4bba65b26d41429c8e43dcc6507e5822,Author
413,Matthew J. Brown,e7e9f8a37d744600b94c7ccd307a7c59,Author
414,Matthew J. Dennis,ed3777e76beb4fd18725af6a40643497,Chairperson
415,Matthias Heinkenschloss,e73ad441fcdb42b9892fb9e2c414fbac,Reviewer
416,Matthias Krause 0001,b56728cc2ffe4850bfe61876b4f450f2,Chairperson
417,Md Zahidul Islam 0001,f0cd0e34d8fb4f6ca57ecbbb11b9f481,Chairperson
418,Mechthild Rickheit,ed812126321a488180125699c9b46e4f,Author
419,Meg Leta Jones,4d550fb3a3634fa98e78f087414b5e37,Author
420,Mehmet Aközer,eff3bfc5fb024deba7e130d740b87449,Author
421,Mei Lang Fang,ab91295835144d16b4a7b92e9beda1c5,Author
422,Meisam Asadi,7e6ed1aa7030439f89c5017281c1e0a0,Author
423,Melody Royster,7e61cc767dae4eab9483b707d98278a0,Reviewer
424,Mera Ababneh,969b316b1110473a9ac077b554210cc8,Author
425,Michael Czymmeck,a1f09c64dff94375bcf6e1fe11932ebc,Reviewer
426,Michael Davis 0002,dcd5cbbe16c44004afe949d1625c52ec,Reviewer
427,Michael G. Anderson,24be91d2696a4974b984853c5fedac78,Author
428,Michael J. Selgelid,6a566ec97b25411da7ae368db84880d9,Reviewer
429,Michael Klein,a27f6af0753742e18deb90eece5f1b92,Chairperson
430,Michael L. Brodie,d3909d8c89514e8ba9ba55d597ae716f,Author
431,Michael Lemaster,390fd29c178e4ed0b8b4cc9f1ad25a58,Author
432,Michael Ley,570736e6f350426fb3c863302b2b159d,Author
433,Michael Ruvimovich Davidson,ad370846e2974d8cb333847f18c5dcdb,Author
434,Michael Schmitt 0002,33c41666598d42458592152e9500c0fe,Author
435,Michael Stonebraker,2dfc5141adb6400192c2049b87311ca4,Reviewer
436,Michael Tarnowski,723feff94e254f03be67f32340d00459,Chairperson
437,Michael W. Kalichman,ebb45bc487d34ec5a5222d65cdb119c7,Reviewer
438,Michele Farisco,0fb5aefda6884cefaed1364e81478c6f,Reviewer
439,Miguel Roig,f1a39db47c034695955bb322a540e298,Author
440,Mikail Gevantmakher,c81c56292c11423fafe9d75d42264d68,Author
441,Milenko Rakic,66552d874973460eb9a438be91519473,Author
442,Mirgita Frasheri,92ec13e165ee4b0dae94a12882ceb9a4,Chairperson
443,Miri Barak,4f73abe07ec740d2877a40ff9ac7a8db,Editor
444,Mirjam Dür,2c584956489348e8973533514a13bcbd,Reviewer
445,Mirjam Sophia Glessmer,b3885c6e5c0b45bc90be626c558107f9,Author
446,Miroslaw Kutylowski,05495691351f4f69ae27b054c6fdda1d,Reviewer
447,Mladen Pecujlija,61861ae1e9904ff7b1cccb61c3b224e7,Reviewer
448,Mladen Petrovecki,6264f16a724f40468c61162cca00c8eb,Reviewer
449,Mohammad Lagzian,457327d663c24aa79512ff3a1501b4f1,Chairperson
450,Mohammed Benssaou,551852fe353d4e9e9a2f0fcc64b9d9a1,Reviewer
451,Mohammed Madadin,9d262fa1a24545f291e141db2b8fad7c,Author
452,Mohammed Nadjib Khenkhar,697403d335c64c9a8936151d5ec468c2,Author
453,Mohd Salim Mohamed,ae0b40999c23449c8a16f58418983fff,Author
454,Montse Serra,1390d42efde84c9da219127f54a2a470,Author
455,Morten P. Oksvold,c40ba158131f42a9a700aeaf6be78928,Author
456,Mustapha Benmansour,dda87b2e0662499b817d527ba4647a4f,Reviewer
457,Neelke Doorn,bd341b28e3694358834ceb9cb7a288dd,Author
458,Neha Baryah,52a62cdbaf224190b3dd7402a7a49bb6,Reviewer
459,Nguyen V. Thoai,b3352478826345d7aec6f42aeefbc0e6,Author
460,Nikolas Stroth,37dc2b8d2ac646b2b35e747fc01f19a5,Author
461,Nikolaus Ott,56d1ab33e2bc41e28f7f217435060604,Editor
462,Noam Paz,8045cbce941d473388b62f680c7b5230,Chairperson
463,Noor Munirah Isa,85896c74bdad46369cdc96d356ff5fe3,Author
464,Nora Freya Lindemann,2831ad144c1d40f4b319ff05dee37a1f,Author
465,Norbert Th. Müller,3e45921e13194a94a6da5f5b4b8d9d22,Chairperson
466,Nuno Correia 0001,255881186be149848c63935376676a4b,Reviewer
467,Oleg V. Khamisov,a7648173e5ac4aab94779beafdd0315c,Author
468,Oliver Gronz,8e066c62c37945f7889ea5e61435bb4c,Chairperson
469,Oliver Möller,c442e7dcb1894097a17f6af04d784f58,Reviewer
470,Oliver Stein,47159426f3da4296be853bd765453caa,Author
471,Oliver Wauschkuhn,d17b7b691de846b78fff551bae499991,Reviewer
472,Omid Mahian,93ced1b122474d73b9057b2711daaff9,Author
473,Otthein Herzog,6dd67c4404e7426986e228e7cdc42d87,Author
474,Panagiotis Tsiamyrtzis,620ca600b3b34fd6aedf6cd4e52196a0,Reviewer
475,Paolo Gardoni,1cb0cc088ed3487887fdab7970371437,Author
476,Pasquale Gaudio,7c7b59f411a6485489d172ce0e3ecef9,Author
477,Patricia H. Werhane,2e06b4ad1b7544c38cf391ee6dc71002,Author
478,Patrick Justen,0c5df0ecf0e544e99dcc8dc2f8e0d584,Reviewer
479,Patrick L. Taylor,4f8efd3474d64a20bc375671de676518,Author
480,Patrick Reuther,e03b09c553eb4e7b94b82ddcbc4fe625,Author
481,Paul B. Thompson,b149a1d5e3824585b35be60902f78c30,Editor
482,Paul Tubig,2f16a92939174d3cb7e8cfb7b61910e5,Author
483,Peter Bosch,a5423c4b59014eb2bbabb08ba310e868,Editor
484,Peter Dierolf,68531b591066489f834ea2cf5bcd0f4f,Author
485,Peter Gerstl,3a4ea3e3d6aa4d649fa44bdf3a6ec805,Reviewer
486,Peter Gritzmann,cac6b18f7fb047aab8f5ce4b2c33c1d3,Author
487,Peter H. Schmitt,f7540f0dfb504593b0a6a3063b520a75,Reviewer
488,Peter Kroes,90e4d32505bb4d4f8ffc9cc36e20427f,Reviewer
489,Peter M. Attia,94e0023c5f754037b6ca377bd7f289bb,Author
490,Peter Morfeld,50f3f6dfd7734bc1a046da29377d5961,Reviewer
491,Peter Rossmanith,d9453d8e60e34a9a914b56cfcd426369,Author
492,Peter Sturm 0001,d412461a4929480aacf88cf79b4d6ea8,Editor
493,Petr Houdek,36308eb7ab1643fab7f3667572d4680e,Author
494,Petra Ludewig,aeec223444ef441187c1c9e1d2613819,Author
495,Petra Maier,cc0a2e3d47474175888822527354d4bd,Reviewer
496,Petra Scheffler,d6f238a1ea3e4abe90f5d4bd60c6ebb3,Author
497,Petra Schulz,9e198218823b4cf99b72e571835063bf,Author
498,Petra Steffens,ca68767de329494380b3e340f6d12060,Author
499,Phil Shaw,ff3ebbd44b454146adcef46a831b2d90,Author
500,Philip J. Langlais,6614e03376a144cbb9f4d7cff6fcfefa,Editor
501,Philip Robichaud,04849e7d747247a0b995da514aaea2de,Author
502,Philippe A. Tanguy,1625a1e30d8b45408d1c959c1d172e37,Reviewer
503,Philippe van Basshuysen,a93776b734f74c91b9d1592057129cf8,Author
504,Priya Satalkar,b96d946999084fe59cf9cc3df8f9a90c,Chairperson
505,Qian Wang,5b4e1e73c449455d9f470849231e5fc2,Author
506,Qinghui Suo,7b1d70bd61b34d9ab40498405a7f940d,Reviewer
507,Rafal Wodzisz,6538065a50c849cb8070f47dcf54beee,Reviewer
508,Rafi Rashid,e5da2dca73454ced96de8c9892f11285,Reviewer
509,Raheleh Heidari Feidt,a00da097d1604fc2ad1c497e2ac4ee5a,Editor
510,Rainer Bäuerle,700a0259b20347b4a7fa14d04c1ab882,Chairperson
511,Rainer Hettich,6db3817d40b8496d8ea65f793bffc5fd,Reviewer
512,Rainer Tichatschke,27e363bf221f4fc8b83d4bb3c1685bec,Author
513,Ralf Merz,c6c2b0ab4a8a449786b078502e6608b2,Author
514,Ralph J. Greenspan,264ab3cc58eb4c2f94567c1e719181de,Chairperson
515,Ralph Scheubrein,f673c6fdf08e45f3b3862fc11c28bc57,Reviewer
516,Ramón A. Feenstra,77cd5b0e9c044cb885264da1b76d355f,Reviewer
517,Ramón Queraltó,96da771fc28346eb84eeef1cb5f49877,Author
518,Raphael Cohen-Almagor,db85eb24210548ab891d7107a43f5e5b,Author
519,Rasheed Al Kotob,4997182687d84af581f10a3ee6f14d8d,Author
520,Raymond A. Lorie,786dc940459345d28a5ceee827fc3fb0,Editor
521,Raymond E. Spier,9fb0d120e6fe41fd816e11a6d68c2a34,Author
522,Rebecca K. Mimnall,fcec22f28eea46b5ba7feec072ce76f1,Author
523,Reena Cheruvalath,d43e3fca577b4e04b84566d76358c0a7,Reviewer
524,Reiner Horst,d3d109cc225a4046b9a19686e337f74e,Chairperson
525,Reiner Hähnle,59c2926eef1e42aa994ced72f553a68e,Editor
526,Reinhard Kreissl,a5fd05143ede401a8a5c6dca14563afb,Author
527,René von Schomberg,1af8c843e6ba42259e57ca4b56fbb4f8,Reviewer
528,Richard Meissner,f78b4adc4b0c4a83ae6805e0810f9942,Chairperson
529,Richard Rödler,05fd4cedaa524ae6935b1616d38d7d79,Reviewer
530,Rob Lawlor,35a60b08e71f4eb3a245e96805f13f96,Chairperson
531,Robert Dionne,c08b6619330d44ffb0bf1a8eb1de7c0a,Author
532,Robert E. McGinn,98db75b413964039b7dc55758224a726,Author
533,Robert Evans,c5313898ac694b73be90cd098cc7f191,Author
534,Robert Frodeman,bcc0f615b33d4a938178793a23b5d13d,Reviewer
535,Robert Kirkman,409920a654c6429c9fd885c39added94,Author
536,Rockwell F. Clancy,294733ab36d443338ea10c925bd51591,Author
537,Roel Snieder,0824d39fc1154968ba2b3d65d5cd8e87,Author
538,Roger Strand,3ec0f1eb059a42ea870bf75ba57b36ce,Author
539,Roland Seiffert,6adb55f0d51d4432930285d7a456d9cf,Author
540,Rolf Mayer,566aaa1a24d24273b488063581a77bcf,Reviewer
541,Rolf Sander,6620537386704472ad3f6f733571727a,Chairperson
542,Ronnie Hawkins,b65eaa9d00c64115b6c487792de129ad,Chairperson
543,Rowena Rodrigues,bd6e4c2408c34687a90899c6e7eae625,Reviewer
544,Rudi Studer,199526a265e34addbe4c81bc270a96db,Editor
545,Rustam Mubarakzjanov,e6f8c685e9d743faacd3afc5e9428dc1,Author
546,Ruth L. Fischbach,4190ad18a6424e95bdd028dc7ed5a240,Reviewer
547,Ryan Hubbard,66fd02c5b4ed4852a60ced9af1dc8de1,Reviewer
548,Rüdiger Wirth,6796c4b8b1134c28994c3a0d68403207,Editor
549,S. Rotin,a78960c2e71840979f5ae00987a47613,Chairperson
550,Sabrina Engel-Glatter,d29a7214b9fa4fbabd98b48ae9ba5381,Reviewer
551,Sandra L. Titus,279d2f760e864a03aaf2ab9fd7e03347,Reviewer
552,Sarah Bütof,a43cd25f6d6a4c22acb0536b23ce1630,Editor
553,Sarah R. Davies,59cf47996b354d939d3f56bba245445a,Reviewer
554,Scott D. Gelfand,f32b2dcb21bb4564a6724cc23a9f940c,Author
555,Sebastian Millies,b2d5f87dd7e543f0a4f4675d3d1a4dd6,Reviewer
556,Sebastian R. Diaz,e19b1b6b43874db3b8d6ee1037a6751c,Author
557,Sebastian Schleidgen,ab3e6e1019a94f4b947417c156d010f4,Author
558,Seumas Miller,2de82749c6c840708623c1a9c0017813,Reviewer
559,Shahryar Sorooshian,7122ad412c7943c680c0cbcae7e33285,Author
560,Shane Connelly,2862ac75046d40c0b2f009baff5b08fd,Reviewer
561,Shane Epting,cf41a8fc582d465d82cdf920d317a29c,Author
562,Shannon L. Spruit,4e0154ec812448edb703747b63059263,Author
563,Sheila Bonde,3ad0255ec3b44c00a5e45418b65a7586,Author
564,Sheila Slaughter,b79a33df5a974c2b9fd7bed2412ca14a,Chairperson
565,Siara Isaac,34a9b1a22c054b8e941d32a65c269ef7,Author
566,Siegfried Graf 0001,0689d42b22eb4cbea4df4323a267693d,Author
567,Sigrid Sterckx,89cbccb616a142a5ab1f5bb58f594632,Author
568,Simona Hasková,35bbca99479849f8aa4c3a033e59d739,Author
569,Simone Pribbenow,c57569f2dbfd4fe7bf1b9f947cf58446,Reviewer
570,Siti Nurani Mohd Nor,2ddb1618106940deaec57e6de2798bc5,Author
571,Somsri Wiwanitkit,aab0111efc8e410fa2ae52f292c87336,Author
572,Sonja Müller,1c38275d274c400e97e8b9cb98c6bd76,Reviewer
573,Sophia Knopf,02e1072b8727422498fc9d0d4247a075,Author
574,Stasys Jukna,0b2be6e85f8b4931b7a705dfbf4b5b1a,Author
575,Stefan Benzschawel,960d56056af84623acaeaaf4d5824ed6,Reviewer
576,Stefan Börner,1dc6fc36a6cb4660af58116981a03637,Reviewer
577,Stefan Böttcher,01a5934c3c5f4173835f63b0c52675ba,Author
578,Stefan Gerberding,365536353c494d74a523a2a69e1e811a,Author
579,Stefan J. Schierholz,4ab97e6ddf5540ec8550f42949ba50c2,Author
580,Stefano Guidi,ad45d1c2660540f4915bd8afedf97934,Reviewer
581,Steffen Steinert,52909fb530e542fc8f6b218e0e0fdbe1,Reviewer
582,Stephan Waack,5d84358e8ede4e349bc228268c89d17c,Author
583,Stephanie J. Bird,cfe2224ff16f4ccfa88c0c25cb09db45,Author
584,Steven M. Flipse,61f3fad901564a0eb7383322917867f2,Author
585,Steven R. Kraaijeveld,7fdd33ba65ee4376b7433059d168f046,Author
586,Steven R. Smith,5ebb05e58f204620a5c6d9969709d0b8,Reviewer
587,Steven Umbrello,ff0145c2289948acb3c7ae6d74629c5e,Author
588,Subhendu Bikash Hazra,852f4c36249149d2a4f88fe9b5aa1e4c,Reviewer
589,Susan A. Elmore,bda95bd9b62c4abfb143dd13d9e9edf3,Reviewer
590,Sven Lorenz,7a687ef87a6b4c209ee478bce664030e,Author
591,Sven Nyholm,5244d03b2b74487da4d614bbe79a6270,Author
592,Sven Ove Hansson,4f73d752f7434cffa3b8645bc91ca40e,Author
593,Svetlana Zernes,c849f479e9404201875c7a30a823acb8,Reviewer
594,Syed Bilal Pasha,66b6ad5a262e46c79b4abe0dee53059a,Author
595,Søren Holm,cd33ce993bf848bbba24db71740ebdec,Chairperson
596,T. Prabhakar Clement,c0f7e29b41ab44ec9350f179000562ea,Reviewer
597,Tajanka Mladenovska,37622ef5e1b34c2dbfb974791df0b562,Author
598,Tankred Rautert,e24250e44b664f7e99aa3fb10944ad6c,Editor
599,Tanuj Kanchan,7463d194788843ab8e3a506dccfa142f,Reviewer
600,Tao Wang,1d06fdae456d4bd29387121a21c64faa,Author
601,Tarcisio Abreu Saurin,49a2a494bd85463e918e88e7f724746f,Author
602,Tenzin Wangmo,ed4f68ebdf4043beaeca16c0d838b32b,Reviewer
603,Thomas A. Litzinger,6dec3db8714748deafefa05b0837c224,Author
604,Thomas Darwin,a1ca79387a8d4a88bc7b42b6262ea109,Author
605,Thomas Erlebach,66b07c4dd4704654a30a0d9d17e1db96,Author
606,Thomas Ludwig 0001,1bb4b30176244be7bd443e1fccb99f69,Author
607,Thomas Pirlein,4520e8819aa34f0daefe4b1a8bad4b09,Editor
608,Thomas R. Scott,9f35d5a5899646f38b0e37a14b79cde3,Editor
609,Thorsten Theobald,d7406b8fca54407da24a8e4e553432d6,Reviewer
610,Tibor Kiss,af54c6eb113b41818421129a1ba405c0,Reviewer
611,Tim Voetmann,ccf57f648c68426ab92dd0f3068ff03a,Author
612,Tom Williams 0001,a6948329104743e6ba094d78b72cf90c,Author
613,Tomas Kliestik,9dacb8bd3d1e4a09848796636da84d4a,Reviewer
614,Toni Bollinger,55f67072b50e45dfb2f10158e0ce055c,Author
615,Tracey Bretag,3d2e0f808f6446f3a5a866e06619220e,Author
616,Udo Pesch,bdac504014f14552a3df7b3b29739ca0,Reviewer
617,Udo Pletat,5cdb563b20bd4e8aa7f7f79698ceb5aa,Author
618,Ulrich Hedtstück,d5746e399a1d4268b6b78b2d1668e9b3,Author
619,Ulrich Hertrampf,4fe643b853ee4ee0ad5d1bf552476c0d,Reviewer
620,Ulrich Holtmann,447a7006568747aeaca4047dfef60dcc,Author
621,Ulrich Raber,541c016bbea94782872838dbaf82f73d,Author
622,Ulrich Schatz,4c164e76f82d43788e6e43bbbf75fed7,Chairperson
623,Ulrike Felt,7910c5adee5b4564a65eb9f4c7a89971,Author
624,Ulrike Rackow,81d15b93098940d1b4fc62b4203e6575,Author
625,Ulrike Schwall,0e51196e906943f195c08465abf1d606,Author
626,Ulrike Weiland,3301bd9f34ab46f0922be3e7830bbb41,Reviewer
627,Uwe Reyle,9c2423b35c4147a685a83f6bcecbc313,Editor
628,Valérie Racine,30885e2f80c147469471f5bece93bc7c,Reviewer
629,Vaman Kulkarni,84a936acaddd4644b5513bb96409b055,Chairperson
630,Vance W. Berger,a8594506173a431aa6d770f5827acac5,Author
631,Vanja Pupovac,f7d631ec424743248b2ca039ecd7c317,Author
632,Victor Klee,5be4675c3f634acbbd892e8fe99eb8ed,Reviewer
633,Victoria Sutton,8b301e7bdd70474d850fcda886508860,Chairperson
634,Vincent Menuz,9de4ced93cb64f9fb3619317fa78a5c4,Reviewer
635,Viroj Wiwanitkit,bc99d03a6a1841fb8d7114e155eb7118,Reviewer
636,Vito L. Punzi,50090f65d5ab45b6ad550eaa9a9bf87a,Author
637,Vladimir Rykov,5867c5a9d4ab4830818c63e50ffd6906,Author
638,Vladimir V. Kalashnikov,dd7b4ee625134f1d820765e2ee142e07,Author
639,Volker Jantzen,19341d0b8ba9463db0246ac9a40b3230,Author
640,Volker Klotz,23528d7ae4b141baba06f1bc7eba5f59,Reviewer
641,Volker Schillings,7d17a915303f46e7b8f7441f0cb59216,Reviewer
642,Volker Schulz 0001,b1559ec269ae4ebf8196e279871a939c,Author
643,Walter G. Olthoff,6aab0f323b6244bc8eac387e1085c09a,Author
644,Wandi Bruine de Bruin,aa6656c7d8bf43998fd53e472ac32ffb,Editor
645,Weishu Liu 0001,f03d1c7f6c36471da0ac4055584b67fa,Editor
646,Werner Emde,80d3eed43f7240c0a0baf937eff8cb2b,Author
647,Wha-Chul Son,f5cad9f8ac9448da9bd1b60850b8540e,Chairperson
648,William Bülow,d0242381fb9c472f8397a9914c26f80a,Chairperson
649,William E. Kastenberg,af7cca4eb83549b89a810e6d0faab863,Author
650,William J. Frey,5d5cf24837b749c2a76622d76ed5f41b,Reviewer
651,William T. Lynch,d158a297114342beaec7a3c1e6de2f95,Author
652,Wolfgang Effelsberg,8484fe8cd50a440cb257eec79e5ea639,Reviewer
653,Wolfgang Schönfeld,ce236689454c48a295f6ea53450016b0,Author
654,Wolfgang Wernecke,e2aa5373687f414faff5919afef77ccb,Reviewer
655,Wolfhart Totschnig,12c421aa58484646840a550cb1c915ba,Author
656,Yannick Morel,e31e8571cf474ac987b5dfa69dcac82f,Reviewer
657,Yiyang Gao,47ce221b3a6143daa50672568e63b3e1,Reviewer
658,Yotam Lurie,5845c49a143c49fe9edb529479d09058,Author
659,Yuan-Hsuan Lee 0001,163b173a3bc7474e907a51bbf9a640be,Editor
660,Yue Liang Zheng,5f6edb4530a44a4890dfba06f000fb85,Reviewer
661,Zach Piso,367939b9397344f08a901295b10c14b2,Author
662,Zubin Master,bc02617069ca43df9259a5e4791941aa,Editor
